Time,Value_0,Value_1,Value_2,Value_3
0,3.0,0.0,-3.0,-2.0
1,1.5725579956693472,0.27013270275658197,-3.3201242030315723,-1.5839206384691207
2,1.873180789251958,0.048439830686324625,-3.154066570402693,-1.9740306205500395
3,1.3611404989625588,-0.21142136258335054,-3.292857748543924,-2.414143783282757
4,1.4084745922589392,-0.5596941898163114,-3.0801453980965183,-2.24230486679755
5,1.908858465758939,-0.536121878922525,-3.238630632861167,-1.8980696141302251
6,0.47141597874985597,-0.5131287898792588,-3.185811544759032,-1.493718883048523
7,-0.7550865484117018,-0.6051811079603152,-3.362430831727252,-1.373513326492076
8,-1.6366728143024458,-0.28215288326649823,-3.7080640205533317,-1.7405025530173388
9,-0.6635250048788796,0.0458045873280547,-3.4270771401846387,-1.3831137530644757
10,-1.2832203855290332,0.0774215495354823,-3.77345707544149,-1.701667003426178
11,-1.5369898337842884,0.2680617358526225,-4.15024700183838,-1.9050114356271404
12,-2.2876785893733578,0.2610149790139763,-3.8502982009049003,-1.5451197441297972
13,-2.9832835204597417,0.2410380590851824,-4.12478214453124,-1.281284299553263
14,-2.4899786945364113,0.35747076279623313,-4.545575907244556,-0.8711717532395972
15,-2.1499728070888944,0.07450280873899784,-4.047885305372394,-1.3020013071430099
16,-1.7246387705079749,-0.2948972013960618,-3.9972071476643287,-1.162961173779173
17,-1.737807529106432,-0.23287931226562686,-4.028598550501518,-1.3539134961912567
18,-1.9166415336440183,-0.4217139504915175,-4.142571176534246,-0.8572419162010421
19,-1.5116022141308805,-0.43111591604673427,-3.7819448129019495,-0.9810617103484117
20,-3.861417622993288,-0.6391877904409198,-4.2668845191084355,-1.3221786626084675
21,-4.286051887409294,-0.8743624721121497,-4.210934196630689,-1.3736023966290785
22,-6.552660666557902,-0.9520786473915831,-3.8645579744816576,-1.3859001837512115
23,-6.822825647449792,-1.4500055258582032,-3.911217155426778,-1.7391495161300674
24,-5.788658169686285,-1.6792626779435158,-4.120048560206231,-1.9677699798972572
25,-6.900170274475622,-1.8108450078113312,-4.234154265420583,-1.8891644723533512
26,-7.084310195020012,-1.8196889469421746,-3.926399462707516,-1.4137974663048583
27,-6.900402903698613,-1.373731011639809,-4.178629122505136,-1.0060255203624133
28,-6.241356412897643,-1.3178436049781017,-3.823105684569361,-0.7791204128343188
29,-5.662133785156945,-0.9576647791721025,-3.9480798691596073,-1.0920564057466275
30,-4.717392512094798,-0.8602623495218352,-3.779646940264229,-0.9158701518675815
31,-3.8471476247455527,-0.9535062670166577,-3.4460007656575864,-1.24031535693325
32,-3.3498093200238506,-1.4361279897141892,-3.4156527383883324,-1.2327874795122993
33,-1.7959647720064653,-1.0065838730754657,-3.510071168070584,-1.5690085197694015
34,-0.6973090958486823,-1.146725846830088,-3.2614856207454386,-1.2369185706493098
35,-3.006319450266667,-0.7435210607111951,-3.3163263478789022,-0.7515573024382006
36,-4.1671328337722535,-0.41580765791656193,-3.4040842122803907,-1.2486817727091208
37,-2.994890403280585,-0.8433137910784213,-3.4108078886793645,-1.3059602615925554
38,-2.4929423827085144,-1.2128631853857246,-3.808368781433783,-1.7323113947901954
39,-1.6098910224502014,-1.4296639823137358,-4.264093932794061,-1.8056091624340125
40,-1.1580024860618756,-1.4707411035329039,-4.741191412920543,-2.2211191513408592
41,-1.1193200730611546,-1.3275062650467533,-4.826911036385339,-2.4827633314015554
42,-1.7821684063366172,-0.9385989148454724,-4.8302258774890365,-2.122597157796682
43,-0.643166085708945,-1.0096460082808312,-4.682398189256154,-1.9016040786509556
44,0.17161584782737116,-0.7662249888094346,-4.232516514974128,-2.0378084174749684
45,-1.5277018193381706,-0.3526005505943749,-4.525980526162546,-2.4288147292283844
46,-1.2460016964257852,-0.719487786057716,-4.407027593975408,-2.3914396190016065
47,-0.7424377892893618,-0.27668445624423044,-4.430984583379508,-2.0873822191020124
48,-0.018187493930429954,0.019753149747919307,-4.497374691601548,-1.9144088058601385
49,-0.4429058382955665,0.2652747835906599,-4.076613007797679,-1.9272626930938621
50,0.33720446572129714,0.21124999703145475,-4.4233147595608395,-2.2669216476338936
51,-1.163590358680829,-0.21463936375639148,-4.818280953089991,-2.7487843607416447
52,-0.4271068341468699,-0.45447886316097363,-4.584614211648098,-3.027306473575366
53,-0.7789782493619464,-0.2944812164848781,-4.419634211652558,-2.6733820673750284
54,-0.14284934612066424,-0.7703622404388056,-4.785342625344495,-2.9216340625249906
55,-1.3205521789472354,-0.49899928811882543,-5.086791511792864,-3.1808654882970138
56,-1.2913138134492186,-0.02585689246529632,-5.124540626585431,-2.9277011908988664
57,-0.6067709690126085,-0.40288188405237035,-5.035790392171537,-2.849068190571403
58,-0.2769042598464073,-0.2578044135774157,-5.356549293305071,-3.2225748764505164
59,1.2795780319766124,0.09132852937750291,-4.959539296909805,-3.03257553654342
60,1.5032474842975228,0.295478285199293,-5.120050955288254,-2.5579276788848113
61,3.5133328118666487,0.6412251333516238,-5.3735828713557625,-2.157589934944567
62,3.0355871097194824,1.0738094429921627,-5.645666151537458,-2.537085919095004
63,4.46088677715231,1.3821744721707094,-5.421465820422318,-2.3659186540949078
64,4.729416506238687,1.3329300231078507,-5.725577397047114,-2.3977165718070137
65,4.411581075033556,1.416637462938259,-6.079377003904728,-2.3372830332629277
66,6.159035012443778,1.4043093212358368,-5.778128193259013,-2.2792806887115367
67,6.911978359043947,1.517959075726703,-5.3580501081891505,-2.6885613281498437
68,7.248163200501688,1.5325518867798218,-5.572960542822806,-2.942702623078399
69,4.6603805524929784,1.6725773258688608,-5.813274739305752,-2.6638947517212355
70,4.154116768412586,1.9698495831237564,-6.125518713025422,-2.6499702417830138
71,4.308467991640666,2.424846459392557,-6.356799237834929,-2.5628947902221455
72,3.9516699671249906,2.4274579857240894,-6.297292467319021,-2.0757757263400953
73,3.4044675856461035,2.3763839832643043,-6.352134964076707,-1.8873255897289134
74,5.940876377587161,2.1125897317839524,-6.387301054390281,-2.3656445254675447
75,6.54136484534194,2.513031840044484,-6.069283635144724,-2.157227333012062
76,5.447270587211262,2.8146200026222568,-6.341045716451411,-2.191434516448335
77,5.414233172154014,2.692416814235008,-6.043042235335464,-2.221310768336243
78,5.887241171192631,2.3800557719730975,-6.2470939949634205,-2.4663246463200177
79,4.714152058379394,2.3249252591912284,-5.985585107379858,-2.194051126586921
80,4.810131058719658,2.7649853541238523,-6.022787288594685,-2.398553081011028
81,2.8899441788276725,2.6410043855472565,-6.0543318666859305,-2.5590284852848137
82,2.9346938358012253,2.461125099225842,-5.715346152495928,-2.6002668913533924
83,2.3093520284011047,2.8489998588324257,-5.340106210436481,-2.611804176989957
84,2.9663197348980606,3.245310511412653,-5.463805314617383,-2.39696623815159
85,4.910213801409247,3.119805848062747,-5.340061135392313,-2.7937810867037167
86,5.672964284600314,3.5695014374094813,-5.79133295527908,-3.032765242624347
87,5.880552128964735,3.907504397738117,-6.189624517404166,-2.8665936427335716
88,7.726974536831688,3.9948965670462036,-6.490795943554522,-2.7175600682352337
89,7.148924206725875,3.740574069956237,-6.490324850010537,-2.7284117448866407
90,6.91527370328542,3.476921413220268,-6.3308725766923635,-2.4988370421159374
91,8.36699778198256,3.3062155711935306,-6.211024566533551,-2.4687961616783616
92,9.362222552498858,3.78713538160324,-6.466674489253499,-2.378357591279186
93,8.561268644843949,3.847535931509362,-5.979517442794412,-2.5737378959498582
94,9.283431296626176,4.11762249708625,-5.570256501814459,-2.520668560235608
95,8.757402535357427,4.067218853912683,-5.736158389307466,-2.5152489259663637
96,7.425725625089612,4.433070196953968,-6.210174142554598,-3.0142084000156757
97,5.998595039266085,4.886692144745619,-6.426139310003959,-3.2928139109391754
98,5.948217188133707,5.081782329220683,-6.39835557367983,-3.4401125970074773
99,6.796695349477677,5.101863515681669,-6.8257006391088915,-3.5181286405248415
100,6.426998291463081,4.790472394615276,-6.477862522856414,-3.839250546489658
101,5.274375193877304,5.105536954020241,-5.997805215586717,-4.083356862214751
102,5.1862357603871825,5.449627495679977,-5.590103085737324,-3.72677926603206
103,6.122157128439375,5.8934010296767365,-5.247510579896346,-3.419181737796184
104,5.681646497999258,6.257160329519014,-5.232137378024523,-3.194239893620046
105,5.149359898458019,-1.320041017519337,-5.130858456460333,-3.6187293874596067
106,3.1707497060819083,5.966241072908894,-4.886728932837036,-3.2389968402835696
107,3.774373475541549,5.94045488812259,-4.623281668171131,-2.8859352229600335
108,3.2664135844750195,6.417199122677388,-4.8922286923719005,-3.1851375050241417
109,2.5435977020498575,6.748059435428355,-4.882860786991798,-3.43633091161466
110,1.6523133389561393,6.37598639792457,-5.030466363775592,-3.0062243452785014
111,1.5820710066456762,6.712394686457872,-4.842258217540474,-2.8046728088364885
112,0.8240204221645362,6.607161366980483,-5.138537471624599,-2.7727149281187815
113,-0.49075764383191567,7.083724530685254,-5.203209582581604,-3.0196264974644578
114,-1.662219039194959,7.583059177384216,-4.933181597717177,-2.9525756673986656
115,-1.2561042234416304,7.814429345300459,-5.429294894313851,-3.047665033144924
116,-0.9040349449633664,8.153992857657359,-5.675649651146847,-3.233443280552387
117,-0.44544989642343075,7.86760760719084,-5.946123322835177,-3.4259303846663602
118,1.191751875718154,7.723169022751596,-6.329260255358305,-3.5793227219234263
119,0.6774094414552324,8.068033489583947,-6.796340713791878,-3.5421429455630546
120,1.132580233836631,7.8863206118493885,-6.535574900250674,-3.923295770248064
121,1.9458613636645707,7.880995931321748,-6.449509586458585,-3.6898360851727077
122,1.6390649196795162,8.146013051719907,-6.634597560190161,-3.3746374827163277
123,2.9718176327327734,8.08770008400411,-6.9068418999786605,-3.3433626561038032
124,3.4368498910715237,8.160262034192312,-7.143242964245848,-3.7343782317731256
125,4.252671242571579,8.223509064087732,-7.3781661511153525,-3.4941429240648834
126,4.499254710966026,8.602462169418368,-7.646755250435417,-3.2285857213028484
127,4.991833590327168,8.893852109863465,-7.679093336611431,-2.871120927013539
128,4.541233818206707,9.151701754792702,-7.200819980344789,-2.763631828256604
129,6.527680477841017,8.97966762009406,-6.918980178501369,-2.4814669398172713
130,7.916216714631268,8.95106250680751,-6.782334392863855,-2.5717228876119322
131,7.138152931828344,9.40570565016506,-6.888315931284846,-2.127168694812585
132,8.787823860908345,9.045646486947826,-7.25411227036013,-2.389681639975638
133,9.079240188466443,9.234806017080494,-7.453807732878021,-2.5940967546306224
134,9.782266431501084,8.927326862036193,-7.726600264226437,-2.9089662637553433
135,10.52753701384271,8.690348125548295,-8.200499801837028,-2.515880796941358
136,11.394785641728536,8.613239412339908,-8.354011372604841,-2.7582308939760902
137,10.639249545875995,8.365143440905042,-8.693831589656691,-2.692200044444423
138,12.440024620955066,8.350329512750575,-9.02775733646532,-2.452640170444297
139,11.854440149147461,8.563289745043665,-8.890756205223648,-2.017501900609126
140,11.882146447499313,8.453369436243445,-9.11415505104704,-1.8629821667246276
141,10.77101256458714,8.0712956818903,-9.548821045784681,-1.7037765855844034
142,10.59680385432187,8.183734094028003,-9.102281920662863,-2.1755456464820955
143,12.477108125505866,8.618617391656535,-9.208864544755459,-1.9961771503685783
144,12.579586780266665,8.84881645988236,-8.904780224881208,-1.860700868088173
145,11.427283185659252,8.998028010781256,-9.136012739243563,-2.2085906678567664
146,10.52113645479729,8.608455572207355,-9.616348666157801,-1.9429244955820173
147,10.720128997090034,8.688960968687399,-9.663946351839437,-2.1623342608756255
148,11.528359605394245,8.450290097986972,-9.215943593386905,-2.185846934561417
149,13.472145552063404,8.34425682527668,-9.080513412118528,-2.418064544884575
150,13.195041185497308,8.338545912280614,-9.091835485873037,-2.0323765714627653
151,14.415901252516047,8.143210034034935,-9.077617286322475,-1.573199500515981
152,14.3893341401333,8.620114718029255,-8.719401529174187,-1.8288290801328388
153,12.845411428467953,8.247118157199795,-8.761126600603452,-1.3681834522294083
154,14.357959755781598,8.373036350709647,-8.873720854337698,-1.388023828940963
155,14.248271753052576,8.850746643664772,-8.50821779972716,-1.2120780925395251
156,14.461490705474557,8.771883721150003,-8.493643118143725,-0.8547498036709579
157,16.045920693363932,8.790793366344232,-8.860357829821414,-1.2206016327253841
158,15.57088875630192,8.441587171175275,-9.017832798184276,-1.3294775851869567
159,15.378659118601144,8.926359231253972,-9.420192525938084,-1.4576954551301728
160,15.789077032674387,9.218760203349348,-9.469828083710931,-1.007968572106015
161,15.435894781725358,9.342413703505542,-9.403704638001699,-1.2454789861828188
162,15.531097738337746,9.525253801854804,-9.868466750867732,-0.838726618019009
163,17.015063085395745,9.058277212408269,-10.05263095368894,-1.2914105094692594
164,17.82293051639587,9.199230361964128,-9.636128342669885,-1.7560941113700503
165,19.133136812831708,9.37859039116264,-9.742479005246054,-1.4886945055534349
166,20.792981727231215,9.738408466983842,-10.00820615858724,-1.5941678660582057
167,20.941912940758684,9.882359391196118,-10.088198389701645,-1.623222255388055
168,21.100677158430756,9.886590711564253,-9.591165232704421,-1.4994464390255058
169,22.13597383424351,10.275294942462024,-9.553103003240711,-1.135704783618303
170,22.443812867004453,10.54104115134366,-9.085487329806064,-0.6759508425480802
171,21.839317513378415,10.296119793428188,-9.087673219710025,-1.0535979367901809
172,21.87438910152087,10.54364206809262,-8.797526333323084,-1.4374967985144067
173,22.415037646882396,10.787403969324458,-8.461042911682455,-1.8814495198654069
174,21.536902884333458,10.859889971057296,-8.687944637863328,-2.1748487489043504
175,20.914830690755792,10.932654352952607,-8.484408876998677,-1.697033802845211
176,20.854821324593228,10.845887347862844,-8.794713316150652,-2.0007702649658237
177,21.73809378167495,11.25113255636006,-8.669048353085424,-1.8790009714661853
178,20.667954287381292,11.621080843959593,-8.773361359570231,-2.1277856168417473
179,21.52908944545915,11.801252192430649,-8.412186547918637,-2.1543199905383834
180,23.01914348986753,12.235630767902506,-7.981270323507165,-2.3523876386726172
181,22.033490276062317,12.564920796047616,-7.651162784634744,-2.205482086086975
182,23.46556264763605,12.605637384077449,-8.03053877815773,-1.7829151652404036
183,24.99492598708534,12.358017821324934,-8.41378799894834,-1.8994499033465035
184,24.52395801480948,12.422776187276014,-8.088033261970104,-1.6144003245680207
185,24.052120882673165,12.568608799144094,-8.354733787777386,-1.4956186728070504
186,23.636112552376495,12.87933462970471,-8.618990640879778,-1.6574550904357053
187,23.24090574193181,12.912117917900115,-8.80091285258133,-1.2759784217190222
188,23.037977750166828,13.385952939577617,-8.440316892742619,-1.6991954081867267
189,21.361776695019504,13.0941948807789,-7.972257225654262,-1.6766081587513213
190,22.05547931698674,12.826511596184279,-7.64979872045477,-1.949520214008704
191,23.260932225290713,12.959336722927018,-7.390649379064826,-2.17294944189357
192,22.5334347087508,13.06063125560699,-7.66710529485601,-2.0012241946598626
193,22.351592453491687,12.871775107536147,-7.181159842504147,-1.6512203293456305
194,22.32667125829191,13.008413325444174,-7.113157327949754,-1.2768714324364345
195,21.123841907161967,13.480041169746185,-7.310642634912641,-0.8832258850546948
196,22.18663002818367,13.89464431004321,-7.634308293761205,-0.40699942296491465
197,20.816211790062294,14.195172119861015,-7.630320893237049,-0.1778243422991196
198,19.22401837075953,13.901336758318555,-7.792093560142068,-0.4772407579481944
199,18.00961646920067,14.27044932933484,-7.903337647077094,-0.8519135758097566
200,17.19603717032222,14.350145380672268,-7.9847952044549135,-0.8240829821660521
201,17.71476816589004,14.602439517447353,-8.476938390674345,-0.7072047615509544
202,20.244342627681753,14.616479588670147,-8.519929391897618,-0.6743206324821661
203,20.018335994583907,14.19990638346368,-8.775914560371689,-0.21872432312429124
204,21.0388265458711,13.800136233763084,-8.766489988122213,0.15442524595476503
205,22.703043183466576,14.013526129117928,-8.433593345817746,-0.1252932451698724
206,21.94507182182643,14.150805902572836,-8.157443327324675,-0.10744705042227731
207,22.84438436126283,13.895316133356115,-8.107893520115258,0.08720992908529179
208,22.836547369829944,13.469399316045658,-7.679284391031384,0.3233255524257743
209,22.80297581439038,13.097332167339662,-7.636573842928999,0.36580352351780154
210,21.74497251368225,13.373582584725236,-7.288489460714839,0.2262450525024975
211,23.111399894725256,12.908309752721156,-7.605982338705945,0.6361758195465894
212,24.450976328340477,13.053486083884923,-7.505377995993924,0.8460676520825884
213,24.811739547404475,13.476570565719467,-7.0967078258732785,1.3401247133978855
214,25.77866204885076,13.085097278084854,-6.786044945774583,1.2006846914867488
215,26.501965791456477,13.527176469893432,-6.6875524529775525,1.4527969340327067
216,25.45832642246085,13.70586522866487,-6.4339842369154905,1.0676956048562452
217,25.561270329310272,13.565046974223382,-6.8727517354023915,0.583249263447116
218,26.94882491027204,13.257327474662251,-7.341496753011425,0.27728253995707275
219,27.648207092610978,13.370362717094293,-7.338282172999803,-0.06451521093899393
220,27.913478658946786,13.376873442395773,-7.143172554732155,-0.20262107720062683
221,26.300722332434145,13.261109745478283,-7.43316075885996,-0.02984489875436569
222,26.013420112465678,13.27100722346325,-7.618624575499129,0.011098741269449763
223,27.811956530132942,13.2670394851272,-7.493153128219889,-0.2861591303519576
224,29.372841407590684,13.700007885704297,-7.302087344948337,-0.3029967134567998
225,29.68712898992807,13.476315741460594,-7.192035283464686,-0.04237097422549985
226,28.123806176454732,13.819063606963033,-7.53448363464466,0.34905266474953056
227,29.859023340043432,14.255795862875843,-7.265036545275609,5.091264621099092
228,28.727813061249904,14.517880609953293,-6.876379807924773,0.4580288900544114
229,27.285195084672765,14.962637599556807,-7.16975172007843,0.37738902639551597
230,28.279138994003453,14.632598706095708,-6.670664149937896,0.6200448029049572
231,28.123676337079125,14.14945654719514,-6.491196976674753,1.0089811754995428
232,27.667531398540635,14.144253250369346,-6.912080836947615,1.0969336086598893
233,26.607607405682977,13.850602119094898,-6.550135521146325,1.250485232242076
234,25.972563522756825,13.653660763828647,-6.374536206393677,1.4440450925380774
235,25.762266928209126,13.919513703930262,-1.7440860858346898,1.1115801709444515
236,27.497381671380484,13.839526226090223,-6.67863097987073,0.9443781151047139
237,28.329812230548672,14.059186354880353,-6.356124036526563,0.7403705505508525
238,28.604419933313363,14.239744408170795,-6.0942354383012445,0.24556033415334022
239,30.834133204347097,14.595760225345469,-6.0388618275328305,0.7389798722474281
240,32.07543662559347,14.479843083775108,-5.5837154953013535,0.8483613325861468
241,31.837116593384287,14.918145288591278,-5.935554464968237,1.3068015226812064
242,31.747002311167485,15.379059266169884,-5.659157094343567,1.7687500793868192
243,31.14607397069915,15.390565489743679,-5.448465437342886,1.3958741107102877
244,30.599142804684295,15.135383566745125,-5.333187126053102,1.5274405511667335
245,28.42683395314311,14.825361439379918,-4.914465027676739,1.6086538020495413
246,29.142443545129044,14.834171984248623,-4.557165102564862,1.5723202985407485
247,27.0856714072156,14.613432362351787,-4.873380598102746,1.6379025318717528
248,28.65693249015134,14.222219939012447,-5.1736010202698655,1.673916302108373
249,28.08913178947447,13.779232921441162,-4.891252350569405,1.4773904685460453
250,27.92763203661644,13.960631240437335,-5.06308850001953,1.9306038397328793
251,29.069792103030405,14.021429829080278,-5.251452699455754,1.4558308399188253
252,30.151183249345877,14.069001965234518,-4.886009695709022,1.8669825532212854
253,29.614518931013126,13.702421028706512,-4.927576999788819,1.9224087000275296
254,30.301569509311854,14.046339471517943,-5.236658440446735,2.227209244667632
255,29.198616890999325,13.684226406329755,-5.5982730371195935,1.8114861537116047
256,29.666769262544523,13.497830068310394,-5.189867912992906,1.3798194432750854
257,28.4167706409617,13.73469819470315,-5.218915590305122,0.8914887998416698
258,27.56690969554746,13.681237415029385,-5.126152886081597,1.02423818666328
259,26.343097672232496,14.1001100487907,-4.723653096065959,1.3062517694350975
260,27.397559241873488,14.357117733962289,-4.869380267962331,1.7058420314932812
261,25.106808348803984,14.571797203546465,-4.6078454241594144,1.6278267539256697
262,24.465450650315027,14.299337213088785,-4.2369338183504475,1.7973232990001
263,24.985288894264063,14.062291847820184,-4.6106396576221105,1.8051253275622292
264,25.93262029456859,13.913012010796784,-4.110752507682268,1.9228579744378007
265,24.915828561025723,14.332263245368514,-4.158549936504674,1.8488613949020156
266,25.518800930534656,14.48806887790598,-3.7895596859520886,1.6197554355236956
267,25.649517442684186,14.838099934084376,-4.2012304257484265,2.0697431918687457
268,25.573903279640035,14.806709960725332,-4.5876597716737955,1.9801903581774098
269,24.344197873477857,14.417252491955638,-4.198484356894179,1.8075842826230863
270,23.26872670579849,14.229410731770628,-4.172701927252653,1.7099535666927705
271,23.383439948246355,14.449540894738655,-3.926214469915186,1.9704278492780114
272,24.356416416478147,14.121373546589078,-4.21030922801304,2.4589206758948694
273,24.388706086926657,13.695811560631206,-3.940284894954737,2.7847671145084
274,23.155001471296274,13.19897358155105,-3.953122607100643,3.241713284621479
275,24.18039787474779,12.845707081193083,-4.344528337316872,3.242598157275486
276,23.658966419239647,12.98833207287714,-3.886598239384703,2.751640691400877
277,23.345528832318546,13.006507316035677,-4.285501736627938,2.7306986175989603
278,22.944648975959257,12.900151106501788,-4.249037956130772,2.2574038116707182
279,21.046948696727533,12.500793205703285,-4.7433626597593275,2.6971249885336537
280,21.679974086987446,12.213757458004086,-4.6978882711579235,2.6725272565171707
281,21.07354024919622,12.619089431485193,-4.620017184607797,3.124652203915511
282,21.134077864404233,12.311102655856,-4.169133846709148,3.281102354839955
283,20.379298787557033,12.36377488811889,-3.9747129692193903,3.7621221103952704
284,19.868243922630487,12.261890982654789,-3.9564603951781097,3.40338662692151
285,19.310798889192395,11.955078090152249,-4.124257215346839,3.686814005930739
286,19.40926295784413,12.264449203383524,-4.459140045602769,4.043789583991811
287,30.096751027471875,11.957741434994654,-4.094495573133638,3.7410833062711513
288,19.447004315971366,12.389234982394317,-4.541096840438664,4.0028609948350535
289,18.670793832201813,12.268605366786238,-5.008230278501755,3.6236702821684115
290,19.3954682236925,12.486079516117568,-5.485431801411736,3.672846991883738
291,19.1182860415269,12.07392958781882,-5.702036776469159,3.578437398951196
292,19.109932218817544,11.631698974079582,-5.336840456182524,3.3771470676092514
293,20.115098985787878,11.338118381691604,-4.848855442972813,3.728916691957901
294,20.08255723996003,11.322854797807631,-4.542471621749352,4.108275094767097
295,20.220838097900753,11.765902281438105,-4.866627333641738,4.267284819598495
296,21.93223872771552,11.410063466411385,-5.361996872425757,4.177594279203787
297,20.28453915895636,11.905541946266586,-5.3290462439869355,3.817866404631666
298,20.51470148614255,11.883754552845227,-5.352460524223323,3.6137143517293833
299,20.625274261702447,12.049268100710012,-4.93687285446866,4.040672805824505
300,21.424967080730088,12.052682359952662,-4.781855729618297,3.9935863433959735
301,21.524356226632083,12.117522767290156,-4.570580589993125,3.9670167473967504
302,23.539064915173487,12.350286266481008,-4.579228103231635,4.276566048537537
303,23.614119886156857,12.12039953086869,-5.078676724543024,3.994707006813935
304,22.468673096879485,12.401927221406813,-4.856739257742302,4.139489948889673
305,22.271367195520337,12.161253663249171,-5.017002499307191,4.577468573652869
306,22.891091804246344,12.432808389410978,-4.9616552448111975,4.5556360282515005
307,21.49459000826782,12.63148623668414,-4.551970976009002,4.841851089385148
308,20.523486503991407,12.620812857464044,-4.809608123242437,4.6842672222990185
309,20.144237684602025,13.045082998004947,-4.781962972990606,4.6809777258743095
310,17.800434132612658,12.671273431492914,-4.542961834263173,5.071248096644793
311,17.82537516170256,12.183239737335878,-4.10541917282086,4.788095470897895
312,19.06554894184258,12.529936078156942,-3.7217696518615773,5.278777682987846
313,20.143476527832654,12.10728223467543,-3.9502502474256285,4.867712768977085
314,18.21193119195815,12.55081710043105,-4.28482223410485,5.156437193716616
315,18.117022553113628,12.12692811337975,-4.4802444089223,5.496778111420639
316,17.571149110568143,11.932492714503484,-4.518299023273386,5.674434228244478
317,18.75044242030398,11.612962963456464,-4.363780784535443,6.1369884918716515
318,18.754912549100172,11.236972910203864,-4.331189818004687,6.116328919352775
319,20.15549543321341,10.939820122799544,-4.1954324854275535,6.334246391965594
320,19.34110180279913,11.158049967859224,-4.307364220401627,6.515359501559953
321,20.53140266683268,11.313241074152149,-4.783991844279685,6.170709614430818
322,20.023751878823386,11.326186051654979,-5.208737877377,6.573157086075017
323,20.559489688176722,11.248568390428279,-5.448301749699008,6.83125025053995
324,19.92054630653721,11.508353187772743,-5.859272904511936,7.260688937176085
325,18.231719033568766,11.496049132755926,-5.648931154373928,7.382319937081043
326,18.283929877285917,11.911923424886226,-5.708096183803849,6.908839245173903
327,19.23062678849799,12.18429079307619,-5.681394727482989,7.0414528545940644
328,18.788490260971578,12.396109901683483,-5.442569142242618,6.8817287465329535
329,18.988633844029287,12.012704991257129,-5.615866446206433,6.977068570473662
330,20.736850763353836,11.855926378335923,-5.559714818982196,7.118430793518647
331,21.568841760079884,11.730869824431487,-5.745218056874147,6.9638076781368445
332,21.44917749928121,11.69356021127905,-5.884420934175262,7.172685739591671
333,22.233237389680085,11.489438862691308,-5.45004294340038,6.837783076671971
334,22.462702306080747,11.272323731752595,-5.613884168557011,8.605502371062302
335,22.27220955373168,11.741562414603537,-5.968142879653891,7.148969332766997
336,23.05181433259546,11.636653475683605,-5.706867327076036,6.81686838803694
337,23.628719283711412,11.839101023866409,-6.149854531740483,7.195719350392051
338,23.238387512700687,12.2991256945564,-6.424801546300722,7.062670457322598
339,24.902632878684894,12.208372269054689,-6.369264550645549,7.523722617824474
340,25.195657056460586,12.372274100232474,-6.068276696910729,7.35682313857346
341,24.197930007597442,12.714162683006364,-6.52899845261223,7.140685011659834
342,23.372940361759976,12.46553875948128,-6.074609316122052,6.940766217645708
343,24.314633633302073,12.175821765836398,-5.747011138741091,7.343804701772621
344,25.13063086052658,11.748781473561149,-5.417602310271332,7.064400002596414
345,25.520654692164932,11.802531407244,-5.102266419980781,6.576295630574436
346,24.541304027885715,12.006573023023646,-4.761640830560397,6.743318700414524
347,23.214857378341712,12.258908925762881,-4.7505384519144,7.0126070465656305
348,21.98165017642082,12.393717828728319,-4.581380873235763,7.107782754025159
349,22.045508800574343,11.95666873532263,-5.020141506563595,7.420752787287885
350,21.4338843207758,11.468847927286069,-4.990194555607544,7.495710463830222
351,22.765255736973913,11.192185389687907,-5.458567974912517,7.376491507428595
352,23.47262377423765,10.994708748204568,-5.2154417961763135,6.992945246550264
353,24.13621668008181,11.028429124438096,-4.9063947331258,7.000948438721006
354,24.271977499660434,11.085353179967006,-4.783020051960657,7.26937734407567
355,25.79934779672865,10.906829745881836,-4.587005778290609,6.794158680813747
356,25.023357328544677,11.072168421393322,-4.923314207488053,7.078916765846453
357,24.03161624941083,10.757886149280653,-5.327960649354995,7.21121567265687
358,25.515626706793917,10.874460097881265,-5.521263322790873,6.914728629232938
359,26.999385544407893,10.72888550564539,-5.057572693955493,6.598334453262192
360,27.631635271082267,10.531619449452723,-5.328148262207055,6.814129810045296
361,27.819539502424522,10.27232935307301,-5.827000568046679,7.126102600486302
362,27.2749328052518,10.438060275714836,-5.677121924821688,6.6971610542470446
363,27.06041888063538,10.10177576042815,-5.69242586366956,7.190238924289167
364,27.206610834195654,9.67112248346896,-6.102865994420202,7.443003708830726
365,28.921537944034416,9.341826426187039,-6.49193935352093,7.507716054008001
366,28.72504310617596,9.774496987105392,-6.655454045932175,7.302838480409747
367,30.367754993329118,9.943409375153893,-7.074945756333882,7.158326853876061
368,30.48880438496417,10.039208201757004,-7.485269214260747,7.070071221197433
369,32.91434749349001,10.247191118394575,-7.867328334764402,6.934979483819833
370,32.91254942995501,10.409909691625128,-8.211741613293214,6.927201327043889
371,33.32082959424452,10.77846702416126,-7.913502761841025,7.103699473244614
372,33.49107465274189,11.194621549155698,-8.024350391163644,7.523384215275519
373,33.775600382950756,11.521112278621542,-7.987150835033209,7.816555402270746
374,31.42454250395427,11.598802087671471,-7.5845910959089435,7.780751650074634
375,31.519846525621286,11.629064488234093,-7.718212975320559,7.987260926816662
376,32.0070099858726,11.275335453735526,-7.806567988472483,8.426858090629956
377,30.691211975477543,11.377768618692452,-7.93162495731914,8.847693777355632
378,29.954009683550744,11.270790427791695,-8.38640418202129,8.942281580559824
379,33.03640797528011,10.819214850902819,-8.618032614695242,9.394860105324028
380,34.06204467176295,11.079013616804092,-8.95682962515408,9.592374213400335
381,34.883400683280236,11.245909864321513,-8.476085516699397,9.887864177160889
382,35.77538491753363,11.203595974078794,-8.398751953012264,9.962347020477159
383,37.27854332112612,11.379175522316945,-8.259895146213292,10.028446212487918
384,36.84459333872193,11.304359927840897,-7.8076709551405905,10.320562054134337
385,37.01611588491707,11.572342308430475,-7.890386158355631,10.80648451890992
386,36.46621047601922,11.998127101213974,-8.32017388986662,10.348144238154955
387,36.070808546166404,11.817658159474073,-7.952967883157795,10.29428849625524
388,37.35975048316613,11.614107607121266,-8.064442117596197,9.830216785514649
389,36.506706454758515,11.567788029969844,-7.916872867445602,10.240899054343673
390,36.55615542510334,11.284462334184353,-7.831654757294967,10.307391852018284
391,35.55731176212334,11.00486658794594,-7.695251486013766,9.8849026633032
392,34.04008721505825,11.097481514536675,-7.632938835324896,9.689243227610364
393,33.07065979821362,10.895028034082507,-7.760145006608172,9.494204936314404
394,32.63186285739929,10.833267978659993,-7.687896293118954,9.977231177903017
395,31.5733933241854,11.171070514330275,-7.348520805172995,9.850133675087491
396,31.19890476554609,11.359998526382528,-6.906363984593841,9.95480266798127
397,31.66068942915323,11.679098469573896,-7.253400604770484,9.552926961565625
398,32.084376136165446,11.383792227611647,-7.226611462987488,9.490803854272071
399,32.67961646253948,11.7416232575008,-7.12154909061007,9.347812855385683
400,32.992905911241195,11.78343670132213,-7.133629391591688,9.18508604657207
401,33.96071447745642,12.210169310013443,-7.464865102539932,8.756042373717394
402,33.115948286939734,12.00445183286122,-6.9839280598153515,9.242555036106474
403,34.9490952295816,12.419945839526882,-6.576391738266917,9.028428897980898
404,36.34342720735505,11.998458438782041,-6.293464587735131,9.28878165132397
405,35.98362228171075,11.766022515783229,-6.567492080687255,9.273688648903367
406,35.44593388732777,12.120633124655567,-6.793121230696867,8.789269441274707
407,34.27574807171399,12.23452506928102,-6.299573392169398,8.40666820147343
408,33.07826927959987,12.214981967598922,-6.5247355385972305,8.135311814604545
409,35.53829160856322,12.403186067644977,-6.4101869311120385,7.904364472578652
410,36.57177129151964,12.37353685586908,-5.925204845608682,8.254001962224322
411,36.047081878134364,12.58773818313188,-6.37767656806653,8.002747538015448
412,35.4136632448374,12.535876648823036,-6.140558536094611,8.152894985580533
413,35.646212571645776,12.184801345279078,-6.546785947143239,8.448834302687768
414,35.57390951537327,12.239146769814273,-6.680247873955942,8.213649243227907
415,34.955035567920284,12.12900463818849,-6.622942536605974,8.078440817247158
416,35.05156446956684,12.253398508889596,-6.5978972549577986,8.123497810504746
417,36.13798551215585,12.734014151037032,-6.855841733372829,8.524308937089701
418,37.55520375911931,12.352501318527558,-7.290383451845857,8.711251588959367
419,36.216594112185454,12.320568959867966,-6.857486300670124,8.266506222318316
420,35.760144885117114,11.951432577862693,-7.238672924966395,8.754142963675205
421,36.59348587485993,11.919684637210484,-7.092591748806074,8.288481223013994
422,36.32183534381194,11.641517344814726,-6.610000113346606,8.616068904829474
423,36.38870477516825,11.534019351808956,-7.092651498618597,8.230183973355068
424,35.91423109410403,11.913854147193808,-7.503450650815321,8.591844120779289
425,36.037841728749164,11.727093505511613,-7.684623402725838,8.362750540820775
426,35.65650557789283,11.440600418598619,-7.614562277010349,8.153150284355716
427,34.677367687764246,11.819385390147103,-8.052121336859546,7.857681083141508
428,31.89377488866262,11.615548297177835,-7.875214214766423,8.310005125166477
429,29.98174977394932,11.241133158957233,-8.347631366905402,7.8265834932412535
430,28.92452726555992,11.21443290003894,-8.384012891976376,8.104922977426531
431,28.391469191990826,11.437903113160143,-8.462389829118758,8.241826876766918
432,30.348278996676836,11.691567357794831,-8.80475043176135,8.612007415824305
433,30.939956454481358,12.011536235469775,-8.922727103468302,8.629849732930035
434,31.149979303989543,11.51304789413889,-8.748363997586802,8.60951545530171
435,31.980320767058092,11.104471196818865,-9.029209062312091,8.123147295562228
436,30.872908378872832,10.61205584374661,-8.55426972198482,8.270501166078617
437,29.977718124422513,10.861260804939906,-9.017842377099457,8.350981554457888
438,29.62326157449288,11.220946661889178,-8.563660168423693,8.462479561753888
439,29.26651501307571,11.15932610559327,-8.159928940204768,8.263937300210376
440,27.43733660011962,10.686385337445056,-8.612017745305845,8.62223479899368
441,26.65781779649183,11.10064181444734,-8.905787350070103,8.628883409303988
442,26.006566551988023,11.013846780375028,-9.055330827970765,8.696716478539528
443,25.758603530414803,10.928862642178863,-9.403778663635807,9.052439797285674
444,24.855365931380945,11.121883125606708,-9.830779352597153,8.869862996843855
445,25.679811810281137,11.559035776153483,-9.924979159979593,8.927434458160763
446,25.09422530213108,11.67488832129383,-9.67503371682148,8.695593685786827
447,25.471624677298074,11.866447475855297,-9.731539812259838,8.55196855562682
448,25.86085231524098,12.101832753627178,-9.951483644020502,8.849755954919793
449,25.18714872474878,12.099057974830345,-9.553397640984858,9.031620997608472
450,24.140641995073132,11.958579362513033,-9.229563787770937,8.574366708253118
451,24.61520316410607,11.842702688059953,-8.938768318292897,8.567050850097685
452,25.546416681534183,12.180694675915452,-8.625710026652477,8.12832305406527
453,24.01871337542536,11.783713917315357,-8.500723267750287,7.8324491515764585
454,23.3680478933452,12.115769168338545,-8.449258422773203,7.93277730705743
455,22.806460039357283,11.950095824308828,-8.262131159003962,7.875492977059747
456,23.002463848185297,11.806703735341781,-8.66268654909505,7.6319427801647866
457,24.40014470168525,11.686913437713416,-8.855416709394637,7.652520530231573
458,25.43941650883477,12.018013831557155,-8.714302532181067,7.534917038153237
459,23.961026712571467,12.2349276408783,-8.888054933246826,7.285902181309592
460,24.375996964024527,11.83171244574183,-9.16320194214539,7.381724593998827
461,24.079493573494464,11.677327531114077,-9.144655027231554,7.767095469523839
462,22.64681186675735,11.214190078237877,-9.489501345020464,7.514284701657837
463,22.29281849339886,11.496670810631974,-9.44271199412777,7.301623637844501
464,22.163502059276553,11.493954204111027,-9.406339383532178,7.000197041964327
465,23.069940549445676,11.683646675608474,-9.050244692162703,6.700433618545706
466,23.373876205839554,11.259773721631957,-8.789455787899435,6.6024347355247555
467,23.377501144557613,11.66965292328639,-8.626753889344721,7.0491458921434775
468,22.79747185317206,11.804097475576267,-8.457889332379203,6.74635433164595
469,24.58038028304812,12.194525112138127,-0.7024861612563793,6.304073260321579
470,25.04726730635303,11.861403774850395,-8.086069239290968,6.262400824360331
471,26.813023995799657,11.696717999764902,-7.952337370739849,6.658910184320817
472,27.355288243913638,11.421780238959668,-8.064036502302898,6.252577839676794
473,28.357066514599186,11.446217098633051,-7.6779930108470875,6.339030160967737
474,29.238305172174314,11.65886007185806,-7.178117371615582,6.820194365967685
475,30.11270968392714,11.503594962101475,-7.064765280693472,6.51602341022587
476,30.178177858095175,11.877934455413625,-7.14227457363052,6.719760764771481
477,30.591110711889325,11.403200373606614,-6.9519218594627175,6.500355809544545
478,31.146994705044463,11.196589597618084,-6.554314384687063,6.873546494108128
479,30.331340183818497,11.198770868830097,-6.449955631809064,7.049675346700832
480,31.989836979359474,11.387361871577674,-5.974386662610382,7.248513721026367
481,31.28119626488553,11.19892816284101,-5.4997905127353075,7.399447868133747
482,30.05471151841828,11.645677125800628,-5.048502843569748,6.906390394653535
483,29.343646733039833,11.389704414612842,-4.939931097615265,7.301970389799457
484,28.60434045390469,11.234594268550657,-4.442697297706374,7.764682883311599
485,27.451399590322243,11.07888994754419,-4.778746245335256,8.039490957201622
486,27.454921175690398,10.915963122481521,-4.8260015587162375,8.211294110012448
487,27.66432768950996,10.473369339957161,-5.111929774259021,8.233847912132656
488,28.07068693035289,10.20923007535594,-4.6990931408134005,8.475288552236602
489,29.808935163740156,10.134536517452082,-4.696512799164141,8.072758956811535
490,30.038141783244715,9.87323384730158,-4.858663979843587,7.588986675084718
491,31.67980576158053,9.66136109540979,-5.014149980571354,8.06926109026203
492,31.27633526016056,9.943744114055628,-5.035395931757643,8.03546738172551
493,31.30938622266671,10.104747107209436,-5.269533965473342,7.731912457054761
494,30.4144812750389,10.130962594631027,-5.157263738461851,7.99311298334345
495,28.164406978200994,10.290668638239135,-4.825532307149561,7.502070800532071
496,27.405259102749305,10.709472277864538,-4.758818657874155,7.063700759125309
497,26.61171626356069,11.080145138798526,-4.908612492250434,7.113142772002494
498,26.815133009713826,11.506658637846712,-5.204612671868794,7.550193400447787
499,26.334520866463198,11.107772080398538,-5.615743666832901,7.919768016006056
500,25.915068440657098,11.325591077038915,-5.167833524950607,8.325583131439695
501,26.330392420261962,11.595663773194818,-5.4903709070165565,8.013069402234851
502,24.600076305820867,12.053266358431806,-5.9183880110497675,8.47322307107884
503,23.1848614135943,11.579467522833017,-5.962650225787798,8.066339041487959
504,23.082486336402663,11.466281723490944,-5.525669581427087,7.698182689407518
505,22.025946975088562,11.198061659340166,-5.9824830803510185,7.875343111620908
506,22.543584302313935,10.82262321293176,-5.525375346008804,8.327112115854879
507,23.45658545724922,10.413185877248477,-5.831150753255109,8.351796013724137
508,22.773706396394598,10.447742697710156,-5.628874673099572,8.299625241151821
509,21.920530874855192,10.809539646793175,-5.576677369161115,8.056608896281542
510,21.54558818583301,10.543651718063465,-5.524348896617003,8.537971741574365
511,21.91993542077325,14.980811690138324,-5.88164171034164,8.602512886595024
512,22.38652682385574,10.182883519916516,-6.23970153034899,8.182531471880539
513,20.650143729988056,10.121244490517537,-6.227139670072772,8.117933266858994
514,22.005299296825722,10.316733724570295,-6.127019392355687,8.14675895838079
515,23.727329741671703,10.514899579187121,-6.4163115771590995,7.649354693853179
516,24.518166370188112,10.720493586528795,-6.3209572122427815,7.6067297613681
517,23.71736828267005,10.582957675069265,-6.092112920282083,7.811988765802807
518,23.288095966577053,10.141582144045186,-5.920088223240728,7.828018646675307
519,22.18780749940219,10.263401927766836,-6.182145524049228,7.612573735204147
520,23.59579513983843,10.165298925653735,-6.314123828805624,7.812176938660169
521,23.482423328649705,10.327137498807701,-5.839427226579398,8.21637353512626
522,24.627846977559486,10.092743413060878,-6.124000727544532,8.69001787569856
523,25.81508729726087,10.54948895724349,-5.671060650569703,8.252970661702767
524,25.127635710839613,10.301688507177822,-5.586879841182448,8.302015128545342
525,25.634564757814168,10.36419366914742,-5.498209008644276,8.346367415006771
526,24.998706098255884,10.469476134945229,-5.6380986029189,8.686963174811597
527,24.77973245376972,10.397182817772887,-5.667471422836945,9.017809786729147
528,23.834788512077434,10.713430378990491,-5.3337407646376676,9.012618947879492
529,24.290587568101106,10.764330599434194,-5.505825113754613,8.79328210982062
530,22.135388075192136,10.779257010600759,-5.427621544760912,9.085953884737746
531,22.47105934093722,10.390200582507763,-5.4924156648466855,9.258564693974668
532,22.649932937277146,10.166030464122459,-5.919319689762563,9.133055293166104
533,22.46615835258491,10.465303204077546,-5.527898136892714,8.687876081559427
534,23.390942175510144,10.822398307836195,-5.146197479005977,9.134015536858994
535,22.523305680781927,10.53867492311356,-5.373895262805179,8.984158626429856
536,21.631363062018643,11.037219887193377,-4.926152928605397,9.015283358116095
537,21.99948136604822,10.585280561042573,-5.057584331070757,8.941940693488524
538,22.295588411545555,10.46321212507858,-4.676280567494257,8.972025536836863
539,24.676673005507173,10.03088764991801,-5.0269767037527,8.553499138473303
540,23.566171577607467,6.619958124634498,-5.330232607479258,8.393698292748722
541,24.621485991229147,10.40941643631836,-5.326702565119478,7.9195978564064164
542,24.5428186878859,10.00415030079011,-5.048950857258223,7.588567215428189
543,25.96519811569594,9.628922966554974,-5.144380499440884,7.731907774525259
544,26.332228465941004,10.043389569520702,-4.821380762200038,8.17365299413025
545,26.309638653377327,9.896556661326237,-4.602505650624217,8.345469451141476
546,27.542955893821098,9.736758190247233,-4.273373266908027,8.325980791197052
547,28.236430599345564,9.66364186972139,-3.9924084187863413,8.720838847290844
548,28.651162585369477,9.827468438481036,-4.200915346141218,8.70713067861282
549,26.504417777938038,9.899635576010015,-4.547003077835487,8.335395228874237
550,26.904711361237194,9.677510870106689,-4.7496339482113505,8.047898048858778
551,26.160284021187607,9.916502686694557,-4.320244686008331,8.136761886763491
552,26.037244613055517,9.718735217643356,-4.343655826647485,8.080126639914559
553,24.64508071512518,10.079716653871554,-4.52269630279701,7.769136349613803
554,24.68183251361075,10.196350107649554,-4.670173263992885,7.965141379477273
555,24.543502811297333,9.716834189252715,-4.734081453184363,7.821730679908199
556,25.64635262284099,9.485541752749768,-4.702397803574328,7.815204582412882
557,25.728186604388668,9.183419745188692,-5.032235403540803,8.14358853241757
558,25.00867634572224,9.042907335938642,-5.0407321574722195,8.279421232085923
559,24.67689289811521,9.184823081527389,-5.197894046680125,8.643825604340863
560,24.901143696443626,9.007124374544674,-5.643237964698244,8.486543678374689
561,24.99717429229174,8.578662974798318,-5.971987652606466,8.906609866351612
562,27.119036438882475,8.996539326128392,-5.738206671747161,8.59502410849163
563,28.365354762851837,8.582374883696806,-5.425385748520985,8.397972576071124
564,27.100270880432085,8.168316395624842,-5.0145056368836585,8.052452764511754
565,26.389476869274517,8.501771604658058,-5.005426431170328,7.759826742096676
566,25.275910536060316,8.013163550810846,-5.132993307407102,7.606827274821675
567,24.8473990024003,8.510293491715796,-4.835888456157524,7.341636648051767
568,25.44237334034618,8.84959246977606,-4.84017559029984,7.260052774083598
569,25.105759596866633,8.646727583361097,-4.635731515713648,7.569959848780602
570,26.40567577401345,8.49888982814207,-4.828878461493176,7.105884560529528
571,26.16750162327651,8.930655765328321,-4.419210106118837,7.00508863597136
572,28.215545027894105,8.553876422869873,-4.7913413368268,1.3279352564157723
573,27.827001001046654,8.60688448954087,-4.728048075306182,6.9067484971595405
574,26.744326202261078,8.899690300892203,-5.094524548519065,7.042990775642644
575,34.74230926695716,8.52629873286004,-4.821326649333172,7.117584658723656
576,26.748093212354267,8.472151527884176,-4.935799064477531,7.437311356792092
577,25.755417187916542,8.428832055133945,-4.618118380390909,7.910030750667069
578,26.712939199502255,8.885923177832796,-4.628809895044838,8.334543151775746
579,26.126023868672615,8.906338866821077,-4.546846942109922,8.313274880694175
580,26.987589490141367,9.399059683698063,-4.514146353727245,8.630862571098126
581,26.54392662878741,8.956064296993924,-4.232540014441188,8.600945429718044
582,27.41295785827354,8.729934106281565,-4.20387133471391,8.5681095772154
583,28.377944598768817,8.514613743086818,-3.9203843226609836,8.786617787554526
584,27.756481531982697,8.74692932804785,-4.025757497766461,9.041610186728828
585,28.368769902329646,8.303152172098148,-3.7378186595314586,9.401583618211257
586,29.042585194905257,8.562135358584468,-3.4047685611938987,9.370159000560326
587,28.168090664730816,8.878686261751827,-3.7089144096643114,9.518640631604637
588,26.857279320116064,8.845906020755644,-3.2799945417657006,9.584550251295129
589,28.515709020466954,8.585074499539754,-3.7461385212358054,9.821991806066126
590,28.167377361268954,8.391551331825502,-3.6309824052476047,9.85658489032297
591,28.417366906323675,8.597013667451684,-3.167677516524987,9.955827414488688
592,27.442545098186017,8.556386949551563,-3.47267429771484,9.591740263904796
593,26.849900532046032,8.280570683350371,-3.9667503250416822,9.557598101945741
594,26.78133767135232,8.502912230504473,-3.8552049515903635,9.453110446351625
595,27.26420210312755,8.806604331661086,-3.3790158542924607,9.091497545207051
596,27.88765448003558,9.219036960870339,-2.971082560233166,8.987897815735884
597,28.60935009821005,9.318748678426005,-2.8806048619361544,9.101153916513459
598,28.48047505220543,9.558416682124552,-2.783102701218036,8.734716210852568
599,27.76307523767251,9.114807232769795,-2.3677971342571755,9.105240306713771
600,29.042210332696694,9.316883025661497,-2.649156427403052,9.150352204672515
601,28.59228720031939,9.17760471186115,-2.2776296847680046,9.306056900823991
602,29.253680443885198,8.680585891475468,-2.10950555715417,9.26182717230243
603,29.781655295385164,8.944596195460832,-2.082544394429589,9.41580951755701
604,29.548534251054804,9.331866695288577,-2.086056250862262,9.041772342389
605,26.787538839468436,9.074932577115392,-1.6676064712756906,8.768529462424688
606,26.055801976968464,8.687077382002437,-2.112560335695588,8.38977081932357
607,26.91494635800027,9.016343557418121,-1.9758025151577856,8.576507914848937
608,26.50019532634958,9.112058812868813,-2.0579590944012147,8.324924388896836
609,28.726142880432253,8.887663652193037,-2.5360809112463985,8.280315386854912
610,30.088449075444615,9.303480082728878,-2.1336743492351387,8.190703958989515
611,30.748012546044528,8.807819055960103,-1.8099618390558092,8.687784321098738
612,30.6926915495331,8.729041489651406,0.8297361179529075,9.062773911572943
613,31.445673226706297,8.496195562362479,-1.4067946443155002,8.852783183673932
614,31.828981497265886,8.756807365978963,-1.8397511241808024,9.25525161833454
615,30.949674397811094,8.383911682192394,-1.7407522112043925,9.398904961256532
616,30.502781155562282,8.614612235473322,-2.019217223412732,9.529185517658023
617,30.41240764733602,8.33278184523352,-1.6770399032914272,9.367774096172997
618,30.08818481856478,7.834399898617026,-1.2905250628840275,9.759189567167788
619,30.408723007112386,8.047749438961963,-1.741986240324561,10.011475777531619
620,29.866455735111202,7.996515080524339,-1.9399043776693599,9.631076599260918
621,29.282088577199268,8.42645385280998,-2.4116041579014036,9.765016764302581
622,30.150793669520834,8.092068833050877,-2.7341599167381507,9.347348152115877
623,30.19600765424996,8.165482848432752,-2.821124152072931,9.673346514993742
624,27.41234824999568,8.265250031015674,-3.3031055657694934,10.117953763568986
625,27.509364968553644,8.103167405564536,-3.225940538811037,9.721707527429686
626,28.73642984304969,8.317475656735391,-3.654263247487127,9.366155576110051
627,26.702317755022573,8.490552093254827,-3.866401829228608,9.149307214519524
628,25.6052744853969,8.85556778974502,-4.193236850051396,9.037167084955517
629,24.4652694017624,8.388621441639062,-4.3058322567610645,8.764477834578908
630,27.073462541770034,8.52237623089599,-4.228611073531623,9.08713030481194
631,26.436051763241917,8.814469675166238,-4.050120526603713,9.000708003936202
632,25.93395776912068,9.28157880526049,-4.316364959682502,9.46677685490813
633,25.963100891318184,8.816280175766668,-4.331687792516234,9.036308871979426
634,24.523691064048815,8.712422891291677,-4.5882425957082,9.523320687390305
635,24.291613281320053,8.882357744269298,-4.337488419163652,9.653053270019738
636,24.974868116704133,9.230590320562587,-4.323862068002448,9.504066748464515
637,23.362813615553094,9.03628998263025,-4.762826016083527,9.173757925220858
638,21.74367537776582,8.855187810871396,-4.763407128801842,9.12914232089839
639,21.523887775563527,9.139791589552935,-4.593580005671155,9.087190503700526
640,22.071173768340262,8.756089065097903,-4.653571891935185,9.29172816481283
641,22.76735529844269,8.871528991041858,-4.3232272904112765,9.709901794685308
642,23.375848977781537,9.25227613815098,-4.061160507628502,9.33611810993188
643,23.687678944505418,9.201220789363171,-4.089076032434969,9.28943809775286
644,24.648717586554262,9.238384562345473,-4.419250745747994,9.453915901291086
645,23.610879431826536,9.303607087743165,-4.7993267649593365,9.524009304214566
646,24.61685127328746,8.958239492786033,-5.259082390364895,9.624889535825845
647,24.575854568784134,9.234320045522281,-5.45236875797583,9.236663578576772
648,24.46349209161751,9.442736061607667,-5.076618977597547,9.721577895315363
649,24.964029651962008,9.749692077668758,-5.445419995561355,9.70886798773477
650,24.830998441879235,10.093852701923227,-5.34784004935569,9.315894822881866
651,24.846444294341303,10.180080074523943,-5.6202450619570765,8.931265073902454
652,26.331101369506566,9.833679019227732,-6.086285766612734,9.034074084018364
653,26.805881274957596,10.041218067690036,-5.910912482219729,8.589787837400344
654,27.650460592610898,9.577681596115669,-5.979981361961767,8.699568643045914
655,28.113938075684686,9.760101879600963,-5.571763872433641,8.293626775887555
656,29.40318123148453,9.511406501729113,-5.715736195924039,8.670737696424736
657,29.754862823070145,9.47023252081844,-6.211937393566567,8.900187766355584
658,30.245676564112173,9.333263917068095,-6.662204858691678,9.179347926053397
659,30.12727715637315,8.884095227143389,-6.384929346707562,9.030651032932482
660,29.738830649697288,9.224611516638257,-6.239552086175674,9.23246079624758
661,28.30970314637939,9.463032643107221,-5.801760452215231,9.2887904425409
662,29.21967921559805,9.361107709096931,-6.286086284648906,9.251852126379086
663,30.700004663194093,9.643583585682242,-5.854567809024034,9.437050419208942
664,30.798575643923346,9.683971755797016,-6.271742609267497,8.997522537006855
665,28.82571212484939,10.116738803615487,-6.120571350339834,8.939313721959472
666,28.961374318314217,10.45090576894976,-6.039944159937845,8.680991647468675
667,29.221803648482695,10.073132196283499,-5.774736965933363,8.268469151987128
668,28.325476830270265,10.055822613251564,-5.47962792988866,8.020336337159163
669,26.976940659612623,9.955751515551357,-5.2816589906679114,7.5207782703596
670,26.942301871108068,10.321071786542946,-5.743356067761312,8.01389844127532
671,26.625245365583574,10.761029187257733,-5.964962768899628,8.065674446678443
672,28.132838951387168,10.48752570214629,-5.8457770300312175,8.321003503355572
673,27.093743607345896,10.45009081172479,-6.343825673462989,7.8847362145083455
674,26.785614860430368,10.043074932761604,-6.172127977861767,7.530886518543515
675,26.055948380345768,10.238307643920274,-6.653883095673571,7.764432960012968
676,24.671846724255406,10.552027325621914,-11.364232806310723,8.088919606532103
677,24.25578018055613,10.193028120021753,-6.586126227804977,8.409342682417789
678,23.507162310137925,9.841426885964454,-6.683418004824963,8.36881659758144
679,23.96362328742225,9.944680143551967,-6.401137793520707,7.9840826950344015
680,22.390702677951253,10.379579897575617,-6.61653031842581,8.18346486945086
681,24.007901890044415,10.268084514829962,-7.0245943338442265,8.141203054366091
682,22.78167244898239,10.053898385658167,-7.240960853876146,8.032368727628478
683,20.252499676783987,9.959380357538544,-6.778365107285732,7.665948264328392
684,20.558422283580217,10.374971581726106,-6.346408416989565,7.256560594214434
685,19.299301243124514,10.544932873132723,-6.585284239339103,7.481103178041792
686,20.358581285928114,10.341778884344507,-6.4417548393259905,7.769311344067427
687,19.80692518097577,10.446080129679707,-6.264533105821924,8.072515527469047
688,19.968710045507905,10.624716698133385,-6.174590731216354,8.516558584057412
689,20.137049887345967,10.475636413236188,-5.7521894581215305,8.278224525882266
690,19.009559392806878,10.740830331190946,-5.50832156138377,7.869457244787627
691,18.99674160433764,11.188538736911788,-5.509588807540722,8.128791267847172
692,17.393178091792652,10.872715477693376,-5.954889179517114,7.976250942603589
693,16.65824656820382,10.621907310353988,-5.629916190780939,7.48371839884694
694,17.01997683475207,10.707942988263387,-6.052777562774908,7.273981168566224
695,14.594852603943295,10.490148219449836,-6.157609876553708,7.414150271634296
696,15.809246317829034,10.88620057934152,-5.871875244965145,7.130079897861038
697,15.402044210965057,11.147694866105983,-6.178348912919611,7.0322499421645475
698,15.662893717489052,10.923577047754785,-6.2035367973812665,6.543369634831781
699,17.04431142990061,11.361155853247375,-6.139760726155829,6.066994158089606
700,16.555890212825627,11.507092827349293,-6.224531191058293,6.312282062089754
701,18.77085640846944,11.824289634747444,-5.95881839104552,6.408075369590626
702,18.575602113984413,11.797369028027997,-5.520430366548235,6.580240756021269
703,18.345031040279736,12.09578682046002,-5.5365593771694375,6.345612700089306
704,19.024475794490154,11.911250766144416,-5.531633414757087,6.081175569521934
705,18.068456080585552,12.1440689827134,-5.20721795934144,6.344944909291753
706,19.00438760006304,12.138224758176449,-5.4170903285321295,6.1724980343779094
707,18.976952911789567,11.814046410845728,-5.894745836999659,6.554241622526591
708,19.34974093290045,11.33496128544439,-5.706698808886153,6.189562711683329
709,18.99374740590471,10.852636241966687,-5.222521544898061,5.703906094904629
710,19.843366407377218,11.286679990056157,-4.825656089641828,5.686480674923923
711,21.73929311734526,11.3888583357707,-4.554470412281218,6.0763123200569185
712,22.845101490972155,11.678314778369819,-4.938010293602586,6.269377069516212
713,23.592728679138705,11.937402611290176,-4.677760151903102,5.934147977443006
714,22.88352606618633,11.593324806984072,-4.655234142949443,5.558469633654439
715,9.838461272030408,11.586907460490336,-4.399358000813024,5.8141114844308515
716,22.56437262050121,11.929060222941972,-4.585107609109336,5.876559808921958
717,22.041614610368423,11.489523842947044,-4.980763753386434,5.912584417648876
718,21.974253827278197,11.092795992934766,-4.821817748894121,5.449009748514949
719,22.310158637557514,11.25751917107198,-4.395389420524267,5.532973801130048
720,22.286341697042847,11.629293668271986,-4.236305070302813,5.307378352205284
721,21.52316384437114,11.207967744788935,-4.680879040578232,5.662418787289194
722,22.511449563198816,11.569047184887745,-5.064216232358691,5.34313659037843
723,21.84138588030278,11.668298929907706,-5.552009755741009,4.9543784556079284
724,20.35675461364758,12.044174410356812,-5.812835558190918,4.6214557964208245
725,19.299805273734254,11.841668779114599,-5.720921470345312,4.982497618149555
726,18.250679080708473,11.646258378382363,-5.298784775723586,5.200374722088783
727,18.58134821089752,12.10872439398221,-5.443482433833473,5.275555008779597
728,18.619221996373636,11.911118387108168,-5.1026870821745,5.164359280311098
729,19.044182034121075,11.755690631382379,-4.765375333780325,4.780791978000966
730,19.534020717888737,11.537868954723676,-4.49730702388162,4.850590071739347
731,19.876830207989375,11.089714010384087,-4.066602400191415,4.719918432221806
732,21.372618517969926,11.32394051699377,-4.362143321712657,4.323627326934031
733,18.9557011494297,11.25584634783348,-4.1840670538989,4.076062121242046
734,17.463014835720482,11.529032670492573,-4.11798071707771,3.6759877348241345
735,16.713573584614217,11.766026771272522,-3.8948008658348354,3.2604893573054565
736,14.785954295320927,11.99705528094207,-3.5790742723079325,3.1050356231823693
737,14.663494301169075,12.299129338206614,-3.6962969914868653,3.5825344301715796
738,14.488620044581255,11.932149543146386,-3.6291601382009935,3.6383093940514195
739,14.866575943664989,11.946365409819945,-3.8041308694278495,3.8806625325527104
740,14.453983491912552,12.086201867394706,-3.97539344723156,4.206563943344086
741,14.473663736619933,12.479456649330327,-4.405737499980353,4.104252300391777
742,12.848316718686046,12.78478853317256,-4.6491309202297595,4.42955614916053
743,12.813956084571187,12.566811997915659,-4.432947345833072,4.435275512796841
744,14.717748838248056,12.28986711872194,-4.408936303233036,4.847038289624428
745,16.191995252692887,12.693072257905897,-4.389957125843411,5.111606146848996
746,15.81221649567716,12.492284014006989,-3.957856212768046,5.437528120298845
747,15.455575870261844,12.245288314081437,-3.61585207583387,5.617782325361389
748,15.285307016507378,11.800988570591933,-3.9569191040349025,5.952410662899464
749,17.65327571297184,12.297492120347327,-4.024548840378803,6.3123679515988735
750,17.647595299436148,12.606530913469848,-4.388197495198955,16.444733216893553
751,16.48931092259842,12.89028446897862,-4.487883323181181,6.706881199320093
752,14.765441753120333,12.42121457552306,-4.488338154893968,7.077483588169188
753,14.985265292533263,12.452557910958058,-4.008729828145473,7.350519437156818
754,15.96136087366028,12.485850569717599,-3.984804117275427,7.7611118052547425
755,15.746753614355635,12.768929385175522,-4.223158779595752,7.467872190772253
756,16.05414826904919,13.113533813033106,-4.084212228191566,7.577460758502093
757,16.38324093944475,13.465571423554712,-3.712607514768198,7.0800823200102325
758,16.549074986240836,13.438278295547764,-3.5779383591194858,7.116809271786572
759,16.786001055012903,13.733163919525946,-3.4802282853420845,7.434332101498796
760,15.804323491777199,14.207595346547182,-3.6572622719356334,7.730785468676254
761,16.228543196735277,13.768061477832422,-4.014562849638414,7.650500674631908
762,17.212903422311275,14.137662510550854,-4.205108408452394,7.532827014729088
763,15.394175915447727,14.006258923992633,-3.7982686936323677,7.886193024829292
764,14.833591318029853,13.936098607457424,-3.985109282691454,7.80720716801199
765,13.891237745477511,13.44396667015721,-3.7910550956289857,7.972847775804677
766,11.280283889355044,13.598959895243155,-3.5105997164359164,8.27397247732306
767,12.465988542023727,13.685239413011962,-3.306059992665823,8.0038902832938
768,13.49560573302514,14.175035334938572,-3.752100867007707,8.128055313571434
769,14.646680788067421,14.413806851160956,-4.116950876072747,7.845251676819013
770,12.632690843261148,14.427577441365022,-4.292631341285316,7.798788235958245
771,14.275945416113352,14.427648824002954,-4.649974665545889,7.822765972007079
772,17.130586081598825,14.678778590160304,-4.9368901785113914,8.274962159848156
773,16.524719097809246,14.27299116873591,-4.448113532815946,8.744137632290702
774,16.373352406237455,14.737194822528165,-4.876816608533977,8.497073396152937
775,16.475218565450188,14.405223656133256,-5.160838280502643,8.701619583430245
776,15.311611109596647,14.201098239693613,-5.18121362250429,9.012597336624658
777,14.061540299133005,13.82879607671261,-4.7037185685226355,8.700421454188778
778,13.923480508330002,13.884751912589584,-5.033095234466696,8.956958487645007
779,12.837014484484145,13.568444038328568,-4.945276190704319,8.918101464500133
780,14.342177878674931,13.310386570404063,-4.9218702968931725,8.907882686948755
781,15.667519305227447,5.1678656344733005,-4.633385187154085,9.061051680441762
782,16.088681845336794,12.495797246770584,-4.361165220817587,9.2940154490592
783,16.59687983311836,12.413562152771934,-4.807251491187487,9.041234613516512
784,16.722913036499534,12.424502396880104,-4.71200731764565,8.792149478487538
785,16.929482728495387,12.171467155116163,-4.6159407242907715,9.254918192073843
786,17.286099017008084,12.290848251519664,-4.7561290219343615,9.687245079257043
787,16.22009887396895,12.09213654125991,-5.230890009458459,9.906218310425007
788,16.72486863786981,12.328907364906334,-4.952798712083351,9.85278206483742
789,17.50521410598822,12.293813583464448,-4.923161600033876,9.7509578574625
790,17.29409889312209,12.663332647711755,-5.345840673462071,9.785118922673139
791,18.5831683889809,12.965489870928254,-5.51748798236764,9.289756260325062
792,18.263354424457557,12.729191530692177,-5.107738460160636,9.475902106619243
793,18.744879471895768,12.894666186452096,-4.803992871627561,9.636683689635992
794,18.17216713659239,12.778827513127759,-4.439454403055965,10.043879316386422
795,18.865624835287008,12.576004871100139,-4.673454618448224,9.6802500047118
796,20.048824977909494,12.87448806423322,-5.07522016580799,9.35159789503979
797,20.124912215030562,13.074670147055274,-5.116752865188989,8.996590565143993
798,19.840812018487057,12.677326133285462,-4.916412961455163,9.321976614101981
799,18.404212652433635,12.203359401519215,-5.178761311956218,9.34149141772642
800,16.62486583232858,11.935873225799028,-5.086455353845619,9.831064512567547
801,17.194515834167444,12.405068059819778,-4.675134688940531,9.5416511705939
802,18.395955465272586,12.669062400125066,-5.154351374645361,9.660087131499845
803,17.596856281499466,12.944721161920537,-5.3527114219494125,9.892537360753273
804,17.04938295925431,12.46296726664212,-5.332842316469447,9.775486275505251
805,15.908098836924498,12.192224218419835,-5.041221457581313,9.336948212088208
806,15.451813793259824,11.89521370760474,-4.604616448717551,9.240413649635668
807,17.01466466501393,12.240629976920864,-4.1480443483297345,8.961013836620165
808,17.385830041586438,12.670023404217295,-4.563593290893943,8.943753214952586
809,18.132702779425173,12.26257503379467,-4.695642176975523,8.780010222028475
810,17.1237587736449,12.25345882065852,-4.351534058662244,9.026504007161652
811,19.09632760870064,12.498759175656604,-4.799432066877017,9.347934176618983
812,17.587184493693663,12.727564501050503,-4.68853673392986,9.701113134362213
813,17.30468784660771,12.900628936322978,-4.246113346937729,9.944073813249487
814,17.38537738276506,12.787320903639072,-3.952889161418506,10.005408810343036
815,15.643963775724009,13.003433027964338,-3.5122855713096293,10.337594667655704
816,14.486846824392899,13.38533946082161,-3.7538218710684346,10.553202251746022
817,13.546980816184833,13.418058679039671,-3.680077711865957,10.670234011499767
818,11.92808805993435,13.204088052116386,-4.0956598381486,11.139340583391128
819,11.3754207773889,13.56627953953624,-3.724988698764709,10.679960950047054
820,11.416782784431007,13.960794395191984,-3.9112917818829507,10.454259194340544
821,10.312735127936165,13.79583670719294,-3.572631758770971,10.748825888884717
822,11.179964411462244,14.285526748276295,-3.2791865439244554,10.365708628457552
823,10.4471372899309,14.3795708405787,-3.4306632405386366,10.045019472656195
824,10.329729977015967,14.79820591207467,-3.0737544283872342,10.381082229087454
825,9.880081009073594,14.72184493260804,-2.8762092335216876,10.220761728749522
826,10.237572846536336,14.843505736689224,-2.882402231814495,10.028095151949458
827,10.487456908941102,14.645434354629858,-2.874222056924398,9.976825411951697
828,9.23171142450558,14.734553315488387,-3.000393654973464,9.871039833226384
829,10.753063761684565,14.438611975878022,-3.3265324070849434,10.33689879928516
830,12.180885676196207,14.142237672204995,-3.085531654917151,10.006460062377531
831,12.202050360147412,14.354662267600538,-3.5686205984877555,9.655939035766261
832,14.043292728942328,14.336753026340176,-3.292614909169258,9.174333398450269
833,14.361664402316658,14.270695508222609,-2.967210050117053,9.48637108499526
834,13.963791420998017,13.964781548138378,-2.8315136641093654,9.130550726528387
835,-0.17466928581620778,14.429663866087521,-2.4477148669582243,8.656677085257568
836,14.822324607099041,14.66651338176007,-2.799670839997964,8.817654930758007
837,14.59889214257534,14.441428007057166,-3.1426003596343595,8.437288802386972
838,14.98085642382755,14.410510730248465,-3.1634933167623256,8.075469115436244
839,12.78357025297829,14.09135565968259,-3.4303654859733257,8.023712273952295
840,13.698338432997156,14.491003890064242,-3.327959624231517,7.945977346541316
841,14.0895365059958,14.73218005352465,-3.140350318737122,8.067191591117234
842,13.202938429947311,14.89552483347755,-2.709247373459003,7.840452331410842
843,12.496225974263819,14.42131210303916,-2.9573790669385267,8.3081001399303
844,12.769009664377815,14.39178130291025,-2.4834999585180224,8.038098993995105
845,12.188612384191494,13.928389653329075,-2.267238223518479,7.931904931433338
846,11.345562754608562,13.431396209666506,-2.186175293908593,7.523340285567753
847,10.241306214870411,13.748141817431959,-2.3897766168773793,7.190839908602541
848,11.849252720173826,13.471061281972244,-2.61653155103437,6.722533301091689
849,11.337619072651895,13.355638248501949,-2.568198908765805,6.879139158379467
850,12.109681109067543,12.945410023648385,-2.9816360614857205,6.833106946843341
851,13.296805705033302,12.977711883108906,-2.4840933181366482,7.132904693415423
852,13.924028441985458,13.357569827902124,-2.585276871775652,7.02404492193308
853,15.853136283901833,13.276014999394677,-2.2516509145225085,6.531088977404705
854,17.30031498578966,13.656863919261811,-2.3939937797485316,6.834362517070331
855,19.136296783556222,13.615702841858448,-2.6780477332122787,6.36083435907771
856,18.19524336339702,10.165465310230825,-2.1870537934563483,6.177627785209324
857,18.524336355775894,13.872712598313582,-1.8964674991232657,6.47631161815035
858,18.81598863226854,13.5025494693296,-2.299312133663544,6.574722553663887
859,18.52460330483054,13.551317112487183,-1.968801193524501,6.934758086922007
860,16.23432941787611,13.284213071323258,-2.0160924141351653,7.173809058615152
861,15.626414782335866,13.039931406611892,-2.016752684285563,6.72465105023692
862,16.205141074272674,13.041391702269621,-2.1247659341464824,6.860916477250797
863,16.826581229828264,12.57991506964936,-2.14258573156621,6.676060065726833
864,15.77256066146143,12.278793197832147,-2.133104811409748,7.087197275499973
865,15.618320483507773,12.243073470494291,-1.6557454422116298,7.042856103168581
866,16.934458186635446,12.473494188592644,-1.4846617986769621,7.427091602977098
867,16.887958273047214,12.361737675823013,-1.6991475894795498,7.1801308928197205
868,15.341661542314915,12.596924360246835,-1.4949664097419193,7.207424964968988
869,15.884296407027886,12.099813310526589,-1.9635957890713382,6.751039663921642
870,16.616342394027704,12.003627810196006,-1.6118717172886252,6.453290083136835
871,15.76533021549779,11.747479677546647,-1.1772646298424816,6.9269138946619915
872,15.983626560248814,11.284326482896034,-0.8799858505502816,6.452644954920757
873,16.34630025427387,10.836568107074857,-1.1401661174543785,6.875701127194215
874,14.115995115480334,10.709066042983052,-1.1946017134310898,7.225612622527406
875,14.538409368517167,10.637511675513803,-1.3320987962660098,6.9744020662510025
876,15.401933770016221,10.77985470182986,-1.045636151406224,6.47510570699765
877,15.242407726989466,11.109164679134182,-0.8628283044237475,6.7120539143332305
878,12.787152657803846,10.765016596124227,-0.6683272269176526,7.077804446850756
879,12.980632740237116,11.013303185658788,-0.5003280869625896,6.768268992113914
880,14.253312181264935,10.732098641043555,-0.7001241788607675,7.24391684004993
881,12.02208504111622,10.340999612153087,-0.4746646032676367,7.682281493598621
882,10.494705882501707,10.788129284294623,-0.05286228201871379,7.952995950575157
883,11.147658296734058,11.025931648942978,-0.41097391503124714,7.729208476721557
884,11.465640509668136,11.054856894652078,0.08677875834962023,8.092179546316567
885,9.419826279440915,11.360293813413985,0.3672574066835582,8.254609991082363
886,10.302398011618955,11.515030748615937,0.44941448380014026,8.63882105937046
887,9.549067329486038,11.558780040744962,-0.03385947797975708,8.648173907243764
888,11.039396648020334,11.34441855852782,-0.12477855087037792,9.002623765485673
889,11.746560111705506,11.274740944954413,-0.4186483801428137,9.145824936053316
890,12.841889899544089,11.569422292216931,-0.31531564790011335,8.753682214742284
891,11.290272323354316,11.097515902945212,-0.3165748718659612,8.485658703727783
892,11.740070581210572,11.318928402174325,-0.5237528061186997,8.489012385237855
893,10.752665873274381,11.53035882615303,-0.7550472919689858,8.288446274270926
894,9.092913356305711,11.615020048213758,-0.8427646368133841,8.353079680762837
895,9.42240659227451,11.859792470435373,-1.0347047647012353,7.991015226608339
896,9.61133321841164,12.008455269864037,-1.3866234788118152,7.846042142547315
897,9.993271483007213,12.352311418322465,-0.922638117481251,8.096794019025825
898,8.950124435388629,12.203553319296566,-0.6481241919246826,8.334153868484636
899,8.498618684785319,12.369703566580744,-0.1521477493345481,8.459506173826952
900,7.862706524900148,12.579306842040776,-0.6273179302148805,8.224683147730282
901,6.783093561089677,12.207173883808236,-0.8984454126981942,7.784113941438356
902,7.123128084482372,11.832999556892789,-0.7969405762009657,7.721849519825289
903,7.188172129021887,12.25313279041075,-0.38367304377921774,8.088029674972685
904,6.848277997912982,11.966260890970132,-0.1670366641892591,5.619171104811354
905,7.134225129568262,11.787677247466164,-0.23593144609369399,8.772131193467583
906,6.917790663830695,11.441475526035916,0.16993660396185395,8.56836962972602
907,8.098782940396042,11.279202414882857,-0.21297741227716582,9.00303537591033
908,7.475456750094061,11.563326287049305,0.18518129245360915,8.907979324340454
909,8.108957666131198,11.763399549793434,-0.2997586978097153,8.419260038321662
910,8.02245150378681,11.97458768618417,0.00972980212143748,8.256245523589314
911,7.658946033182896,12.322674028449335,-0.10486932976612429,8.467618784829517
912,7.592201034063259,12.809841854470484,0.21814956423016818,8.106526520674544
913,7.184817472433105,12.673287162402053,-0.12571579114101783,8.508181946817754
914,6.241911882966653,12.479199854386405,0.23643761575206335,8.775034499096373
915,6.196178500644331,12.395199217032463,-0.06625225531745937,9.107165862704377
916,6.757355596444438,12.381647612643443,1.353052300450167,9.377480627162951
917,6.224599308875246,12.866076561242103,0.13447793852852974,9.356403310213464
918,6.8562399766187605,13.13077685823243,-0.014040498004368795,9.673249798732506
919,7.403644641102559,13.212018178416594,0.28100710276229546,9.197607393798958
920,7.2057514975315335,12.85190179125124,0.02339003090952696,9.117210273924067
921,4.665208373690312,13.260108618862965,0.430406871348605,9.259280485465238
922,2.902894535176366,12.972279963381837,-0.0008971457712921849,9.740924206344806
923,2.9390345082506055,13.400835997354195,0.07879517805922853,9.254527394879922
924,1.6227053477355298,13.221979376215904,0.26303884600766836,9.086668754141106
925,1.7664708201370403,13.039834254077865,0.29102177181946576,9.147245432705166
926,2.893779593497448,13.025553915861495,-0.19678866710555265,9.193749488161917
927,2.283488001586874,12.763030583171304,-0.4747341121210409,9.145554776601735
928,0.3067034987917072,13.12699112715449,-0.5446525793657512,9.019009979271768
929,0.32621485353106383,13.510474719493866,-0.32477093062967377,9.499509533593585
930,0.8557264957286271,13.836779127265492,-0.41242602462109657,9.897563154732223
931,-0.4483174706655958,13.612903966774555,0.04827139031784766,9.650820778927127
932,-0.24820240847013636,13.654066407421231,0.49163212474427875,9.232624292104726
933,0.28963652239921905,14.024012702374849,0.8155721659313768,9.537609798347013
934,0.806710978581409,13.72452779278646,1.1492179558757765,9.849934262337868
935,0.7934981738922142,13.475908469689996,1.1430698283009406,9.55388969561331
936,0.2655207369609097,13.037900243481168,0.7188714886045474,9.710469729164872
937,0.5019988522665835,12.626213340722838,0.9113793304070817,9.58470525157476
938,1.7834086319739235,12.433088877567842,0.739588248669589,9.163419256727995
939,2.348805100510705,12.35593219919443,0.5214273877592613,9.561659947899841
940,1.2824115067664446,12.692363379472352,0.23048589158062893,9.079936322397465
941,2.7970814719914063,12.889747226010925,0.23313578142100333,9.231169699304315
942,0.9609395562196978,13.323016434684533,0.18084096892107393,9.477152566821957
943,-0.20730415960155102,13.588300522233723,0.2035088426232292,9.165536549216034
944,-1.1049179262953461,13.758868547855522,0.017052255305832875,9.563770652585378
945,-0.40756731673682,13.463966124772085,-0.223591284777235,9.842566606683514
946,-0.9190395752412615,13.204940098765817,0.15170341013236033,10.116906864519175
947,0.787983750778046,13.259716650565277,-0.20989070320038739,9.851549350119068
948,-0.1590766113554397,13.565547960220899,-0.04076294445835826,9.486685226503829
949,-0.6646684396694444,13.291575497389895,-0.4893569541022884,9.982486079108499
950,-0.5984816464137429,13.060997068795889,-0.4482929887230982,10.288662955907576
951,-1.771806654344549,13.226338608139766,-0.6629427018009786,10.160955805549495
952,0.3006064172138969,13.305370183920969,-0.6240125851988837,9.785132977214621
953,0.3687848997652907,13.514479871599983,-0.3331335470514398,10.139256706148625
954,0.18961403461829396,13.857751756099109,-0.1387590749367955,9.721533626228629
955,0.36091518349565366,13.48110527821917,-0.45400708154626823,9.388170780267574
956,0.5141460686718331,13.2091177642103,-0.0941621789221212,9.010729307710974
957,1.346365912005556,13.066026431065277,0.1701348274816482,8.710069398836573
958,1.4118737927502325,12.672229860419883,0.23196684442575077,8.673431410364588
959,2.1724813509763057,12.430337149567352,0.48710098749964414,8.341387251539688
960,2.300730773811532,12.03484105240758,0.20861785346014772,8.74680118407651
961,1.165380895623228,11.766403019811031,-0.2753268955747834,8.660140560490603
962,0.9427775578830774,11.99979962181132,0.019186373452601435,8.560528988581833
963,0.5563449525795569,11.834944421691107,0.2591506658825282,8.305617583698423
964,1.0222476921374881,11.849122239202913,-0.15404974287637296,8.322227574990041
965,-0.14065733406740932,12.03305777353487,0.038167100715540525,8.336872548307365
966,0.8238887524094254,12.365874234982444,0.4108612938368895,8.80284162502006
967,0.7545301392039421,11.939627286134227,-0.04628131418913661,9.141707239032394
968,-0.7778222891088253,12.065179781500865,0.31425569645241047,9.413862194995541
969,-2.642961041010536,11.75208994600304,-0.16351763370773587,9.240373240143445
970,-1.4062726567258665,12.163964603873184,-0.5437725922664118,9.525180245840065
971,-2.3062674566387686,12.069501637814593,-0.5908260654412224,9.606155251064273
972,-3.2588360428351604,12.058774179555574,-0.5310410178661993,9.577055467254702
973,-3.6346207143563096,12.003121053976056,-0.9606983803670971,9.362184066423636
974,-3.097321265963659,12.328285327814895,-1.0922402260904098,9.673072235334814
975,-2.866922233457265,12.594881898104466,-0.998966787232403,9.890064326280871
976,-2.5551566886688866,12.694944439903072,-0.5256605670137643,10.008856075382184
977,-2.3869746798015075,13.07987911522583,-0.8657383807004831,9.550371014581374
978,-2.3399041537478,12.8064862647535,-0.9125408386668628,9.695644896542483
979,-1.1191107110161513,12.894290382472986,-0.49187611615231985,9.846748124740376
980,-1.4585741956153429,12.937664177966035,-0.6216498896132007,9.484719278804498
981,0.49886510076446333,12.507850983784962,-0.23163744903807681,9.23285736348193
982,0.41267500610818164,12.542804220151686,-0.014702510890619913,9.624736302979537
983,0.5435534265256327,12.094030403641113,0.4108520390263296,10.11970283875148
984,1.88987479406625,12.018091787959053,0.6856883980717798,10.147762953553496
985,1.9336271966451668,11.73973439705529,0.9621998388048456,9.757378032039473
986,1.1039974882418049,12.001914861450667,0.8068756061888592,9.706044141748073
987,0.49927021191674414,12.03123750177765,0.9431557674477679,10.069882523409571
988,1.5666775375256439,11.982830961949272,0.5006594523371523,10.177181555987874
989,1.264752422528256,12.052036629201066,0.3575860759734911,10.189103405385692
990,0.978018663258678,11.627597826483207,0.581915580502871,10.634079197856291
991,1.5086043488936485,11.880879141676452,0.825820978367206,10.370724027336125
992,12.608747841590064,12.24720975432086,0.3686331701713089,9.901401793158255
993,2.2825319540422577,12.494936202543887,0.27171575779199586,9.486232413933289
994,1.657696363678497,12.623111253516086,0.27027404813105316,9.019935737006275
995,2.5991814528717274,12.127146755871031,-0.12765434799128494,8.526886070978271
996,3.121968729745526,11.713953818180237,-0.05356317176611847,8.190677091522831
997,4.460373351617104,11.235003527104908,0.25326784084759524,8.276644740355128
998,4.771890336032612,11.33165103866611,0.7257661173585828,8.392443718591966
999,4.158075441864108,11.378137112169602,0.7015331922919473,8.298743520279583
